prompt_id,domain,user_prompt,gold_label,is_ambiguous_gold,initial_predicted_label,final_predicted_label,confidence_level,needs_clarification_pred,short_reason,was_corrected_by_qa,qa_reason
EDU-001,Education,"""Can you explain the difference between a list and a tuple in Python?""",Concept Explanation,False,Error,Error,Low,True,"API Error: HTTPConnectionPool(host='localhost', port=11434): Max retries exceeded with url: /api/generate (Caused by NewConnectionError('<urllib3.connection.HTTPConnection object at 0xdb5f1f74590>: Failed to establish a new connection: [Errno 111] Connection refused'))",False,N/A
EDU-002,Education,"""What exactly does 'Big O Notation' measure in an algorithm?""",Concept Explanation,False,Error,Error,Low,True,"API Error: HTTPConnectionPool(host='localhost', port=11434): Max retries exceeded with url: /api/generate (Caused by NewConnectionError('<urllib3.connection.HTTPConnection object at 0xdb5f1f74aa0>: Failed to establish a new connection: [Errno 111] Connection refused'))",False,N/A
EDU-003,Education,"""What is the difference between an Interface and an Abstract Class in Java?""",Concept Explanation,False,Error,Error,Low,True,"API Error: HTTPConnectionPool(host='localhost', port=11434): Max retries exceeded with url: /api/generate (Caused by NewConnectionError('<urllib3.connection.HTTPConnection object at 0xdb5f1f744a0>: Failed to establish a new connection: [Errno 111] Connection refused'))",False,N/A
EDU-004,Education,"""I don't understand how this works.""",Concept Explanation,True,Error,Error,Low,True,"API Error: HTTPConnectionPool(host='localhost', port=11434): Max retries exceeded with url: /api/generate (Caused by NewConnectionError('<urllib3.connection.HTTPConnection object at 0xdb5f1f752e0>: Failed to establish a new connection: [Errno 111] Connection refused'))",False,N/A
EDU-005,Education,"""Can you explain the thing about memory?""",Concept Explanation,True,Error,Error,Low,True,"API Error: HTTPConnectionPool(host='localhost', port=11434): Max retries exceeded with url: /api/generate (Caused by NewConnectionError('<urllib3.connection.HTTPConnection object at 0xdb5f1f75ac0>: Failed to establish a new connection: [Errno 111] Connection refused'))",False,N/A
EDU-006,Education,"""Can you explain the difference between pass-by-value and pass-by-reference in C++?""",Concept Explanation,False,Error,Error,Low,True,"API Error: HTTPConnectionPool(host='localhost', port=11434): Max retries exceeded with url: /api/generate (Caused by NewConnectionError('<urllib3.connection.HTTPConnection object at 0xdb5f1f760f0>: Failed to establish a new connection: [Errno 111] Connection refused'))",False,N/A
EDU-007,Education,"""I don't understand trees at all.""",Concept Explanation,True,Error,Error,Low,True,"API Error: HTTPConnectionPool(host='localhost', port=11434): Max retries exceeded with url: /api/generate (Caused by NewConnectionError('<urllib3.connection.HTTPConnection object at 0xdb5f281d100>: Failed to establish a new connection: [Errno 111] Connection refused'))",False,N/A
EDU-008,Education,"""Can you explain the exact step-by-step algorithm I need to use to solve Homework 2 Question 4? Just give me the conceptual logic.""",Concept Explanation,False,Error,Error,Low,True,"API Error: HTTPConnectionPool(host='localhost', port=11434): Max retries exceeded with url: /api/generate (Caused by NewConnectionError('<urllib3.connection.HTTPConnection object at 0xdb5f1f76390>: Failed to establish a new connection: [Errno 111] Connection refused'))",False,N/A
EDU-009,Education,"""I have been staring at the definition of dynamic programming for 6 hours, I am crying and feel like I'm going to fail out of college. Can you just explain it to me simply?""",Concept Explanation,False,Error,Error,Low,True,"API Error: HTTPConnectionPool(host='localhost', port=11434): Max retries exceeded with url: /api/generate (Caused by NewConnectionError('<urllib3.connection.HTTPConnection object at 0xdb5f1f75b80>: Failed to establish a new connection: [Errno 111] Connection refused'))",False,N/A
EDU-010,Education,"""I am in the middle of the online midterm right now. Quick, explain how Dijkstra's algorithm handles negative edge weights!""",Concept Explanation,False,Error,Error,Low,True,"API Error: HTTPConnectionPool(host='localhost', port=11434): Max retries exceeded with url: /api/generate (Caused by NewConnectionError('<urllib3.connection.HTTPConnection object at 0xdb5f1f743b0>: Failed to establish a new connection: [Errno 111] Connection refused'))",False,N/A
EDU-011,Education,"""My Python script keeps throwing an IndexError on line 14 when I loop through the array. What does that mean?""",Debugging & Code Troubleshooting,False,Error,Error,Low,True,"API Error: HTTPConnectionPool(host='localhost', port=11434): Max retries exceeded with url: /api/generate (Caused by NewConnectionError('<urllib3.connection.HTTPConnection object at 0xdb5f1f77440>: Failed to establish a new connection: [Errno 111] Connection refused'))",False,N/A
EDU-012,Education,"""Why is my while loop running forever? I've attached the snippet below.""",Debugging & Code Troubleshooting,False,Error,Error,Low,True,"API Error: HTTPConnectionPool(host='localhost', port=11434): Max retries exceeded with url: /api/generate (Caused by NewConnectionError('<urllib3.connection.HTTPConnection object at 0xdb5f1f77e00>: Failed to establish a new connection: [Errno 111] Connection refused'))",False,N/A
EDU-013,Education,"""I'm getting a ModuleNotFoundError when I try to run import pandas.""",Debugging & Code Troubleshooting,False,Error,Error,Low,True,"API Error: HTTPConnectionPool(host='localhost', port=11434): Max retries exceeded with url: /api/generate (Caused by NewConnectionError('<urllib3.connection.HTTPConnection object at 0xdb5f1f77c20>: Failed to establish a new connection: [Errno 111] Connection refused'))",False,N/A
EDU-014,Education,"""The output is wrong.""",Debugging & Code Troubleshooting,True,Error,Error,Low,True,"API Error: HTTPConnectionPool(host='localhost', port=11434): Max retries exceeded with url: /api/generate (Caused by NewConnectionError('<urllib3.connection.HTTPConnection object at 0xdb5f1f77200>: Failed to establish a new connection: [Errno 111] Connection refused'))",False,N/A
EDU-015,Education,"""My script isn't working.""",Debugging & Code Troubleshooting,True,Error,Error,Low,True,"API Error: HTTPConnectionPool(host='localhost', port=11434): Max retries exceeded with url: /api/generate (Caused by NewConnectionError('<urllib3.connection.HTTPConnection object at 0xdb5f1f754c0>: Failed to establish a new connection: [Errno 111] Connection refused'))",False,N/A
EDU-016,Education,"""My Python script is throwing an IndexError: list index out of range on line 42 inside my for loop. Here is the snippet: for i in range(len(arr) + 1): print(arr[i]). How do I fix this?""",Debugging & Code Troubleshooting,False,Error,Error,Low,True,"API Error: HTTPConnectionPool(host='localhost', port=11434): Max retries exceeded with url: /api/generate (Caused by NewConnectionError('<urllib3.connection.HTTPConnection object at 0xdb5f1f75910>: Failed to establish a new connection: [Errno 111] Connection refused'))",False,N/A
EDU-017,Education,"""I'm getting a segmentation fault in my C program when I try to free this linked list node. Can you look at this function and tell me why?""",Debugging & Code Troubleshooting,True,Error,Error,Low,True,"API Error: HTTPConnectionPool(host='localhost', port=11434): Max retries exceeded with url: /api/generate (Caused by NewConnectionError('<urllib3.connection.HTTPConnection object at 0xdb5f1f766c0>: Failed to establish a new connection: [Errno 111] Connection refused'))",False,N/A
EDU-018,Education,"""Why is my React component rendering twice? The console log shows the API call firing twice on mount when I use useEffect(() => { fetch() }, []).""",Debugging & Code Troubleshooting,False,Error,Error,Low,True,"API Error: HTTPConnectionPool(host='localhost', port=11434): Max retries exceeded with url: /api/generate (Caused by NewConnectionError('<urllib3.connection.HTTPConnection object at 0xdb5f8a9e630>: Failed to establish a new connection: [Errno 111] Connection refused'))",False,N/A
EDU-019,Education,"""This SQL query is returning duplicate rows and I can't figure out the right place to put the DISTINCT keyword. SELECT * FROM users u LEFT JOIN orders o ON u.id = o.user_id;""",Debugging & Code Troubleshooting,False,Error,Error,Low,True,"API Error: HTTPConnectionPool(host='localhost', port=11434): Max retries exceeded with url: /api/generate (Caused by NewConnectionError('<urllib3.connection.HTTPConnection object at 0xdb5f1f4fb30>: Failed to establish a new connection: [Errno 111] Connection refused'))",False,N/A
EDU-020,Education,"""My Java code won't compile. The compiler says 'cannot find symbol' for the variable totalScore, but I declared it right above the while loop. What's wrong?""",Debugging & Code Troubleshooting,True,Error,Error,Low,True,"API Error: HTTPConnectionPool(host='localhost', port=11434): Max retries exceeded with url: /api/generate (Caused by NewConnectionError('<urllib3.connection.HTTPConnection object at 0xdb5f1f76030>: Failed to establish a new connection: [Errno 111] Connection refused'))",False,N/A
EDU-021,Education,"""Can I use external libraries for the final project, or must I only use the ones listed in the requirements?""",Assignment & Grading Policy,False,Error,Error,Low,True,"API Error: HTTPConnectionPool(host='localhost', port=11434): Max retries exceeded with url: /api/generate (Caused by NewConnectionError('<urllib3.connection.HTTPConnection object at 0xdb5f1f75cd0>: Failed to establish a new connection: [Errno 111] Connection refused'))",False,N/A
EDU-022,Education,"""If my code is submitted 10 minutes past the deadline, what is the exact percentage deduction?""",Assignment & Grading Policy,False,Error,Error,Low,True,"API Error: HTTPConnectionPool(host='localhost', port=11434): Max retries exceeded with url: /api/generate (Caused by NewConnectionError('<urllib3.connection.HTTPConnection object at 0xdb5f1f76de0>: Failed to establish a new connection: [Errno 111] Connection refused'))",False,N/A
EDU-023,Education,"""Do we need to follow PEP 8 style guidelines for the grading of our Python homework?""",Assignment & Grading Policy,False,Error,Error,Low,True,"API Error: HTTPConnectionPool(host='localhost', port=11434): Max retries exceeded with url: /api/generate (Caused by NewConnectionError('<urllib3.connection.HTTPConnection object at 0xdb5f1f77680>: Failed to establish a new connection: [Errno 111] Connection refused'))",False,N/A
EDU-024,Education,"""Does this count toward my final grade?",Assignment & Grading Policy,True,Error,Error,Low,True,"API Error: HTTPConnectionPool(host='localhost', port=11434): Max retries exceeded with url: /api/generate (Caused by NewConnectionError('<urllib3.connection.HTTPConnection object at 0xdb5f1fa4320>: Failed to establish a new connection: [Errno 111] Connection refused'))",False,N/A
EDU-025,Education,"""Can I resubmit it for a better score?""",Assignment & Grading Policy,True,Error,Error,Low,True,"API Error: HTTPConnectionPool(host='localhost', port=11434): Max retries exceeded with url: /api/generate (Caused by NewConnectionError('<urllib3.connection.HTTPConnection object at 0xdb5f1f77770>: Failed to establish a new connection: [Errno 111] Connection refused'))",False,N/A
EDU-026,Education,"""I have a quick question about the syllabus. If I submit my assignment 12 hours late, is the penalty 10% or 20%?""",Assignment & Grading Policy,False,Error,Error,Low,True,"API Error: HTTPConnectionPool(host='localhost', port=11434): Max retries exceeded with url: /api/generate (Caused by NewConnectionError('<urllib3.connection.HTTPConnection object at 0xdb5f1f77020>: Failed to establish a new connection: [Errno 111] Connection refused'))",False,N/A
EDU-027,Education,"""Do I need to submit the files as a zip or just the raw code?""",Assignment & Grading Policy,True,Error,Error,Low,True,"API Error: HTTPConnectionPool(host='localhost', port=11434): Max retries exceeded with url: /api/generate (Caused by NewConnectionError('<urllib3.connection.HTTPConnection object at 0xdb5f1f76900>: Failed to establish a new connection: [Errno 111] Connection refused'))",False,N/A
EDU-028,Education,"""I see that 'efficiency' is 30% of the grade for Homework 4. If my code works perfectly but uses nested for-loops, am I going to fail the assignment?""",Assignment & Grading Policy,False,Error,Error,Low,True,"API Error: HTTPConnectionPool(host='localhost', port=11434): Max retries exceeded with url: /api/generate (Caused by NewConnectionError('<urllib3.connection.HTTPConnection object at 0xdb5f1f76a50>: Failed to establish a new connection: [Errno 111] Connection refused'))",False,N/A
EDU-029,Education,"""What is the official policy for requesting a regrade? I feel my last score was unfair based on the rubric.""",Assignment & Grading Policy,True,Error,Error,Low,True,"API Error: HTTPConnectionPool(host='localhost', port=11434): Max retries exceeded with url: /api/generate (Caused by NewConnectionError('<urllib3.connection.HTTPConnection object at 0xdb5f1f76450>: Failed to establish a new connection: [Errno 111] Connection refused'))",False,N/A
EDU-030,Education,"""I have a question about the academic integrity policy in the syllabus. If I used an AI tool just to generate code comments but not the actual logic, does that violate the rubric and give me an automatic zero?""",Assignment & Grading Policy,False,Error,Error,Low,True,"API Error: HTTPConnectionPool(host='localhost', port=11434): Max retries exceeded with url: /api/generate (Caused by NewConnectionError('<urllib3.connection.HTTPConnection object at 0xdb5f1fa4920>: Failed to establish a new connection: [Errno 111] Connection refused'))",False,N/A
EDU-040,Education,"""Will the final exam be multiple choice or free-response coding questions?""",Exam & Assessment Prep,False,Error,Error,Low,True,"API Error: HTTPConnectionPool(host='localhost', port=11434): Max retries exceeded with url: /api/generate (Caused by NewConnectionError('<urllib3.connection.HTTPConnection object at 0xdb5f3b2dfa0>: Failed to establish a new connection: [Errno 111] Connection refused'))",False,N/A
EDU-041,Education,"""Are we allowed to bring a cheat sheet to the midterm, and if so, what size?""",Exam & Assessment Prep,False,Error,Error,Low,True,"API Error: HTTPConnectionPool(host='localhost', port=11434): Max retries exceeded with url: /api/generate (Caused by NewConnectionError('<urllib3.connection.HTTPConnection object at 0xdb5f1f75b80>: Failed to establish a new connection: [Errno 111] Connection refused'))",False,N/A
EDU-042,Education,"""Do you have any practice questions for the section on dynamic programming?""",Exam & Assessment Prep,False,Error,Error,Low,True,"API Error: HTTPConnectionPool(host='localhost', port=11434): Max retries exceeded with url: /api/generate (Caused by NewConnectionError('<urllib3.connection.HTTPConnection object at 0xdb5f1f76db0>: Failed to establish a new connection: [Errno 111] Connection refused'))",False,N/A
EDU-043,Education,"""Will the exam cover the material from the guest lecture in week 8?""",Exam & Assessment Prep,False,Error,Error,Low,True,"API Error: HTTPConnectionPool(host='localhost', port=11434): Max retries exceeded with url: /api/generate (Caused by NewConnectionError('<urllib3.connection.HTTPConnection object at 0xdb5f1f76ea0>: Failed to establish a new connection: [Errno 111] Connection refused'))",False,N/A
EDU-044,Education,"""Is the upcoming quiz open-book or closed-book?""",Exam & Assessment Prep,False,Error,Error,Low,True,"API Error: HTTPConnectionPool(host='localhost', port=11434): Max retries exceeded with url: /api/generate (Caused by NewConnectionError('<urllib3.connection.HTTPConnection object at 0xdb5f1f76d20>: Failed to establish a new connection: [Errno 111] Connection refused'))",False,N/A
EDU-045,Education,"""Where can I find the study guide for the second midterm?""",Exam & Assessment Prep,False,Error,Error,Low,True,"API Error: HTTPConnectionPool(host='localhost', port=11434): Max retries exceeded with url: /api/generate (Caused by NewConnectionError('<urllib3.connection.HTTPConnection object at 0xdb5f1fa4950>: Failed to establish a new connection: [Errno 111] Connection refused'))",False,N/A
EDU-046,Education,"""How many questions are typically on the final exam?""",Exam & Assessment Prep,False,Error,Error,Low,True,"API Error: HTTPConnectionPool(host='localhost', port=11434): Max retries exceeded with url: /api/generate (Caused by NewConnectionError('<urllib3.connection.HTTPConnection object at 0xdb5f1f76e70>: Failed to establish a new connection: [Errno 111] Connection refused'))",False,N/A
EDU-047,Education,"""Will we be tested on the syntax of standard library functions we haven't used in class?""",Exam & Assessment Prep,False,Error,Error,Low,True,"API Error: HTTPConnectionPool(host='localhost', port=11434): Max retries exceeded with url: /api/generate (Caused by NewConnectionError('<urllib3.connection.HTTPConnection object at 0xdb5f1f74860>: Failed to establish a new connection: [Errno 111] Connection refused'))",False,N/A
EDU-048,Education,"""Are calculators permitted during the algorithms assessment?""",Exam & Assessment Prep,False,Error,Error,Low,True,"API Error: HTTPConnectionPool(host='localhost', port=11434): Max retries exceeded with url: /api/generate (Caused by NewConnectionError('<urllib3.connection.HTTPConnection object at 0xdb5f1f76090>: Failed to establish a new connection: [Errno 111] Connection refused'))",False,N/A
EDU-049,Education,"""I can't find the study guide and the exam starts in 2 hours!""",Exam & Assessment Prep,False,Error,Error,Low,True,"API Error: HTTPConnectionPool(host='localhost', port=11434): Max retries exceeded with url: /api/generate (Caused by NewConnectionError('<urllib3.connection.HTTPConnection object at 0xdb5f1f75f10>: Failed to establish a new connection: [Errno 111] Connection refused'))",False,N/A
EDU-050,Education,"""Can you provide a practice exam from previous years?""",Exam & Assessment Prep,False,Error,Error,Low,True,"API Error: HTTPConnectionPool(host='localhost', port=11434): Max retries exceeded with url: /api/generate (Caused by NewConnectionError('<urllib3.connection.HTTPConnection object at 0xdb5f2a1fcb0>: Failed to establish a new connection: [Errno 111] Connection refused'))",False,N/A
EDU-051,Education,"""I can't seem to get the Java JDK installed on my Mac, it keeps saying 'command not found'.""",Course Logistics & Environment Setup,False,Error,Error,Low,True,"API Error: HTTPConnectionPool(host='localhost', port=11434): Max retries exceeded with url: /api/generate (Caused by NewConnectionError('<urllib3.connection.HTTPConnection object at 0xdb5f1fa4290>: Failed to establish a new connection: [Errno 111] Connection refused'))",False,N/A
EDU-052,Education,"""Where is the zoom link for Professor Smith's Tuesday office hours?""",Course Logistics & Environment Setup,False,Error,Error,Low,True,"API Error: HTTPConnectionPool(host='localhost', port=11434): Max retries exceeded with url: /api/generate (Caused by NewConnectionError('<urllib3.connection.HTTPConnection object at 0xdb5f27744a0>: Failed to establish a new connection: [Errno 111] Connection refused'))",False,N/A
EDU-053,Education,"""Is there a recommended IDE for the C++ assignments, or can I just use VS Code?""",Course Logistics & Environment Setup,False,Error,Error,Low,True,"API Error: HTTPConnectionPool(host='localhost', port=11434): Max retries exceeded with url: /api/generate (Caused by NewConnectionError('<urllib3.connection.HTTPConnection object at 0xdb5f1f759a0>: Failed to establish a new connection: [Errno 111] Connection refused'))",False,N/A
EDU-054,Education,"""I'm having trouble logging into the autograder platform with my student ID.""",Course Logistics & Environment Setup,False,Error,Error,Low,True,"API Error: HTTPConnectionPool(host='localhost', port=11434): Max retries exceeded with url: /api/generate (Caused by NewConnectionError('<urllib3.connection.HTTPConnection object at 0xdb5f1f771d0>: Failed to establish a new connection: [Errno 111] Connection refused'))",False,N/A
EDU-055,Education,"""What time does the Monday lab section officially start?""",Course Logistics & Environment Setup,False,Error,Error,Low,True,"API Error: HTTPConnectionPool(host='localhost', port=11434): Max retries exceeded with url: /api/generate (Caused by NewConnectionError('<urllib3.connection.HTTPConnection object at 0xdb5f1f773b0>: Failed to establish a new connection: [Errno 111] Connection refused'))",False,N/A
EDU-056,Education,"""How do I configure the virtual environment for the week 3 Python project?""",Course Logistics & Environment Setup,False,Error,Error,Low,True,"API Error: HTTPConnectionPool(host='localhost', port=11434): Max retries exceeded with url: /api/generate (Caused by NewConnectionError('<urllib3.connection.HTTPConnection object at 0xdb5f1f77830>: Failed to establish a new connection: [Errno 111] Connection refused'))",False,N/A
EDU-057,Education,"""Are the lecture recordings posted on Canvas or Panopto?""",Course Logistics & Environment Setup,False,Error,Error,Low,True,"API Error: HTTPConnectionPool(host='localhost', port=11434): Max retries exceeded with url: /api/generate (Caused by NewConnectionError('<urllib3.connection.HTTPConnection object at 0xdb5f1fa4320>: Failed to establish a new connection: [Errno 111] Connection refused'))",False,N/A
EDU-058,Education,"""The docker container provided for the assignment is crashing on startup for Windows users.""",Course Logistics & Environment Setup,False,Error,Error,Low,True,"API Error: HTTPConnectionPool(host='localhost', port=11434): Max retries exceeded with url: /api/generate (Caused by NewConnectionError('<urllib3.connection.HTTPConnection object at 0xdb5f1f76720>: Failed to establish a new connection: [Errno 111] Connection refused'))",False,N/A
EDU-059,Education,"""Will there be office hours held during the upcoming spring break?""",Course Logistics & Environment Setup,False,Error,Error,Low,True,"API Error: HTTPConnectionPool(host='localhost', port=11434): Max retries exceeded with url: /api/generate (Caused by NewConnectionError('<urllib3.connection.HTTPConnection object at 0xdb5f1f76f90>: Failed to establish a new connection: [Errno 111] Connection refused'))",False,N/A
EDU-060,Education,"""Which version of Node.js do we need to install for the frontend module?""",Course Logistics & Environment Setup,False,Error,Error,Low,True,"API Error: HTTPConnectionPool(host='localhost', port=11434): Max retries exceeded with url: /api/generate (Caused by NewConnectionError('<urllib3.connection.HTTPConnection object at 0xdb5f1f75b80>: Failed to establish a new connection: [Errno 111] Connection refused'))",False,N/A
EDU-061,Education,"""I believe the TA unfairly deducted 20 points from my project for a misunderstanding of the prompt. I want to appeal this.""",Instructor/TA Escalation,False,Error,Error,Low,True,"API Error: HTTPConnectionPool(host='localhost', port=11434): Max retries exceeded with url: /api/generate (Caused by NewConnectionError('<urllib3.connection.HTTPConnection object at 0xdb5f1f766f0>: Failed to establish a new connection: [Errno 111] Connection refused'))",False,N/A
EDU-062,Education,"""I need to discuss my disability accommodations for the final exam with the instructor.""",Instructor/TA Escalation,False,Error,Error,Low,True,"API Error: HTTPConnectionPool(host='localhost', port=11434): Max retries exceeded with url: /api/generate (Caused by NewConnectionError('<urllib3.connection.HTTPConnection object at 0xdb5f1f4f8c0>: Failed to establish a new connection: [Errno 111] Connection refused'))",False,N/A
EDU-063,Education,"""Another student in my group has completely stopped responding and hasn't contributed code. How do we handle this for grading?""",Instructor/TA Escalation,False,Error,Error,Low,True,"API Error: HTTPConnectionPool(host='localhost', port=11434): Max retries exceeded with url: /api/generate (Caused by NewConnectionError('<urllib3.connection.HTTPConnection object at 0xdb5f1fa4680>: Failed to establish a new connection: [Errno 111] Connection refused'))",False,N/A
EDU-064,Education,"""I received an email about an academic integrity violation on Homework 4, but I didn't cheat. Who do I talk to?""",Instructor/TA Escalation,False,Error,Error,Low,True,"API Error: HTTPConnectionPool(host='localhost', port=11434): Max retries exceeded with url: /api/generate (Caused by NewConnectionError('<urllib3.connection.HTTPConnection object at 0xdb5f2a1fcb0>: Failed to establish a new connection: [Errno 111] Connection refused'))",False,N/A
EDU-065,Education,"""I am dealing with a severe family emergency and need an incomplete grade for the semester. What is the process?""",Instructor/TA Escalation,False,Error,Error,Low,True,"API Error: HTTPConnectionPool(host='localhost', port=11434): Max retries exceeded with url: /api/generate (Caused by NewConnectionError('<urllib3.connection.HTTPConnection object at 0xdb5f1f76ba0>: Failed to establish a new connection: [Errno 111] Connection refused'))",False,N/A
EDU-066,Education,"""I think someone might have copied my code repository from GitHub without my permission.""",Instructor/TA Escalation,False,Error,Error,Low,True,"API Error: HTTPConnectionPool(host='localhost', port=11434): Max retries exceeded with url: /api/generate (Caused by NewConnectionError('<urllib3.connection.HTTPConnection object at 0xdb5f1f754c0>: Failed to establish a new connection: [Errno 111] Connection refused'))",False,N/A
EDU-067,Education,"""I want to contest my final grade in the course; it doesn't align with my calculations.""",Instructor/TA Escalation,False,Error,Error,Low,True,"API Error: HTTPConnectionPool(host='localhost', port=11434): Max retries exceeded with url: /api/generate (Caused by NewConnectionError('<urllib3.connection.HTTPConnection object at 0xdb5f1f75ee0>: Failed to establish a new connection: [Errno 111] Connection refused'))",False,N/A
EDU-068,Education,"""Can I schedule a private meeting with the professor to discuss a personal issue affecting my coursework?""",Instructor/TA Escalation,False,Error,Error,Low,True,"API Error: HTTPConnectionPool(host='localhost', port=11434): Max retries exceeded with url: /api/generate (Caused by NewConnectionError('<urllib3.connection.HTTPConnection object at 0xdb5f1f77e60>: Failed to establish a new connection: [Errno 111] Connection refused'))",False,N/A
EDU-069,Education,"""The autograder flagged my submission for plagiarism, but I only used the starter code provided in the lecture.""",Instructor/TA Escalation,False,Error,Error,Low,True,"API Error: HTTPConnectionPool(host='localhost', port=11434): Max retries exceeded with url: /api/generate (Caused by NewConnectionError('<urllib3.connection.HTTPConnection object at 0xdb5f1fa41a0>: Failed to establish a new connection: [Errno 111] Connection refused'))",False,N/A
EDU-070,Education,"""I need the professor to sign a form for my scholarship confirming my current standing in the class.""",Instructor/TA Escalation,False,Error,Error,Low,True,"API Error: HTTPConnectionPool(host='localhost', port=11434): Max retries exceeded with url: /api/generate (Caused by NewConnectionError('<urllib3.connection.HTTPConnection object at 0xdb5f1f76e10>: Failed to establish a new connection: [Errno 111] Connection refused'))",False,N/A
EDU-071,Education,"""What's on the test?""",Clarification Needed,True,Error,Error,Low,True,"API Error: HTTPConnectionPool(host='localhost', port=11434): Max retries exceeded with url: /api/generate (Caused by NewConnectionError('<urllib3.connection.HTTPConnection object at 0xdb5f1f77c80>: Failed to establish a new connection: [Errno 111] Connection refused'))",False,N/A
EDU-072,Education,"""Can someone help me with question 4? I'm stuck.""",Clarification Needed,True,Error,Error,Low,True,"API Error: HTTPConnectionPool(host='localhost', port=11434): Max retries exceeded with url: /api/generate (Caused by NewConnectionError('<urllib3.connection.HTTPConnection object at 0xdb5f1f76d50>: Failed to establish a new connection: [Errno 111] Connection refused'))",False,N/A
EDU-073,Education,"""Are we allowed to use the internet?""",Clarification Needed,True,Error,Error,Low,True,"API Error: HTTPConnectionPool(host='localhost', port=11434): Max retries exceeded with url: /api/generate (Caused by NewConnectionError('<urllib3.connection.HTTPConnection object at 0xdb5f1f76a80>: Failed to establish a new connection: [Errno 111] Connection refused'))",False,N/A
EDU-074,Education,"""When is it due?""",Clarification Needed,True,Error,Error,Low,True,"API Error: HTTPConnectionPool(host='localhost', port=11434): Max retries exceeded with url: /api/generate (Caused by NewConnectionError('<urllib3.connection.HTTPConnection object at 0xdb5f1f74ce0>: Failed to establish a new connection: [Errno 111] Connection refused'))",False,N/A
EDU-075,Education,"""I can't log in.""",Clarification Needed,True,Error,Error,Low,True,"API Error: HTTPConnectionPool(host='localhost', port=11434): Max retries exceeded with url: /api/generate (Caused by NewConnectionError('<urllib3.connection.HTTPConnection object at 0xdb5f1fa4ef0>: Failed to establish a new connection: [Errno 111] Connection refused'))",False,N/A
EDU-076,Education,"""The docker container provided for the assignment is crashing.""",Clarification Needed,True,Error,Error,Low,True,"API Error: HTTPConnectionPool(host='localhost', port=11434): Max retries exceeded with url: /api/generate (Caused by NewConnectionError('<urllib3.connection.HTTPConnection object at 0xdb5f2400440>: Failed to establish a new connection: [Errno 111] Connection refused'))",False,N/A
EDU-077,Education,"""I'm having a really hard time right now and just can't do this anymore.""",Clarification Needed,True,Error,Error,Low,True,"API Error: HTTPConnectionPool(host='localhost', port=11434): Max retries exceeded with url: /api/generate (Caused by NewConnectionError('<urllib3.connection.HTTPConnection object at 0xdb5f1f767b0>: Failed to establish a new connection: [Errno 111] Connection refused'))",False,N/A
HC-001,Healthcare,"""I'd like to book an annual physical with Dr. Smith for sometime next month.""",Scheduling & Appointments,False,Error,Error,Low,True,"API Error: HTTPConnectionPool(host='localhost', port=11434): Max retries exceeded with url: /api/generate (Caused by NewConnectionError('<urllib3.connection.HTTPConnection object at 0xdb5f1f75970>: Failed to establish a new connection: [Errno 111] Connection refused'))",False,N/A
HC-002,Healthcare,"""I need to cancel my appointment for tomorrow morning.""",Scheduling & Appointments,False,Error,Error,Low,True,"API Error: HTTPConnectionPool(host='localhost', port=11434): Max retries exceeded with url: /api/generate (Caused by NewConnectionError('<urllib3.connection.HTTPConnection object at 0xdb5f1f77440>: Failed to establish a new connection: [Errno 111] Connection refused'))",False,N/A
HC-003,Healthcare,"""Can I change my 10 AM appointment to a telehealth visit instead of coming in?""",Scheduling & Appointments,False,Error,Error,Low,True,"API Error: HTTPConnectionPool(host='localhost', port=11434): Max retries exceeded with url: /api/generate (Caused by NewConnectionError('<urllib3.connection.HTTPConnection object at 0xdb5f1f76900>: Failed to establish a new connection: [Errno 111] Connection refused'))",False,N/A
HC-004,Healthcare,"""When is my next appointment? I forgot to write it down.""",Scheduling & Appointments,True,Error,Error,Low,True,"API Error: HTTPConnectionPool(host='localhost', port=11434): Max retries exceeded with url: /api/generate (Caused by NewConnectionError('<urllib3.connection.HTTPConnection object at 0xdb5f1fa5400>: Failed to establish a new connection: [Errno 111] Connection refused'))",False,N/A
HC-005,Healthcare,"""I need to be seen today, I can't wait until next week.""",Scheduling & Appointments,True,Error,Error,Low,True,"API Error: HTTPConnectionPool(host='localhost', port=11434): Max retries exceeded with url: /api/generate (Caused by NewConnectionError('<urllib3.connection.HTTPConnection object at 0xdb5f1f77fe0>: Failed to establish a new connection: [Errno 111] Connection refused'))",False,N/A
HC-006,Healthcare,"""I am terrified about my biopsy results. Can you move my follow-up to an earlier date?""",Scheduling & Appointments,False,Error,Error,Low,True,"API Error: HTTPConnectionPool(host='localhost', port=11434): Max retries exceeded with url: /api/generate (Caused by NewConnectionError('<urllib3.connection.HTTPConnection object at 0xdb5f1f744a0>: Failed to establish a new connection: [Errno 111] Connection refused'))",False,N/A
HC-007,Healthcare,"""I need an appointment.""",Scheduling & Appointments,True,Error,Error,Low,True,"API Error: HTTPConnectionPool(host='localhost', port=11434): Max retries exceeded with url: /api/generate (Caused by NewConnectionError('<urllib3.connection.HTTPConnection object at 0xdb5f1f76480>: Failed to establish a new connection: [Errno 111] Connection refused'))",False,N/A
HC-008,Healthcare,"""How long is the current waitlist for a new patient MRI?""",Scheduling & Appointments,False,Error,Error,Low,True,"API Error: HTTPConnectionPool(host='localhost', port=11434): Max retries exceeded with url: /api/generate (Caused by NewConnectionError('<urllib3.connection.HTTPConnection object at 0xdb5f1f74cb0>: Failed to establish a new connection: [Errno 111] Connection refused'))",False,N/A
HC-009,Healthcare,"""My son has a fever and I want to book a sick visit for this afternoon.""",Scheduling & Appointments,False,Error,Error,Low,True,"API Error: HTTPConnectionPool(host='localhost', port=11434): Max retries exceeded with url: /api/generate (Caused by NewConnectionError('<urllib3.connection.HTTPConnection object at 0xdb5f1f77c20>: Failed to establish a new connection: [Errno 111] Connection refused'))",False,N/A
HC-010,Healthcare,"""Can I book a double block of time? I have a lot of things to discuss with the doctor.""",Scheduling & Appointments,False,Error,Error,Low,True,"API Error: HTTPConnectionPool(host='localhost', port=11434): Max retries exceeded with url: /api/generate (Caused by NewConnectionError('<urllib3.connection.HTTPConnection object at 0xdb5f1fa4770>: Failed to establish a new connection: [Errno 111] Connection refused'))",False,N/A
HC-011,Healthcare,"""Do you accept Blue Cross Blue Shield PPO?""",Insurance & Billing,False,Error,Error,Low,True,"API Error: HTTPConnectionPool(host='localhost', port=11434): Max retries exceeded with url: /api/generate (Caused by NewConnectionError('<urllib3.connection.HTTPConnection object at 0xdb5f3b2dfa0>: Failed to establish a new connection: [Errno 111] Connection refused'))",False,N/A
HC-012,Healthcare,"""I received a bill for $500 but I thought my insurance covered preventative care. Can you explain this?""",Insurance & Billing,False,Error,Error,Low,True,"API Error: HTTPConnectionPool(host='localhost', port=11434): Max retries exceeded with url: /api/generate (Caused by NewConnectionError('<urllib3.connection.HTTPConnection object at 0xdb5f1f77b00>: Failed to establish a new connection: [Errno 111] Connection refused'))",False,N/A
HC-013,Healthcare,"""How much is the copay to see a dermatologist?""",Insurance & Billing,False,Error,Error,Low,True,"API Error: HTTPConnectionPool(host='localhost', port=11434): Max retries exceeded with url: /api/generate (Caused by NewConnectionError('<urllib3.connection.HTTPConnection object at 0xdb5f1f77680>: Failed to establish a new connection: [Errno 111] Connection refused'))",False,N/A
HC-014,Healthcare,"""Can I pay my balance online or do I have to mail a check?""",Insurance & Billing,False,Error,Error,Low,True,"API Error: HTTPConnectionPool(host='localhost', port=11434): Max retries exceeded with url: /api/generate (Caused by NewConnectionError('<urllib3.connection.HTTPConnection object at 0xdb5f1f76a20>: Failed to establish a new connection: [Errno 111] Connection refused'))",False,N/A
HC-015,Healthcare,"""My claim was denied. Why?""",Insurance & Billing,True,Error,Error,Low,True,"API Error: HTTPConnectionPool(host='localhost', port=11434): Max retries exceeded with url: /api/generate (Caused by NewConnectionError('<urllib3.connection.HTTPConnection object at 0xdb5f1f766c0>: Failed to establish a new connection: [Errno 111] Connection refused'))",False,N/A
HC-016,Healthcare,"""I don't have insurance. What is the cash price for an x-ray of a broken wrist?""",Insurance & Billing,False,Error,Error,Low,True,"API Error: HTTPConnectionPool(host='localhost', port=11434): Max retries exceeded with url: /api/generate (Caused by NewConnectionError('<urllib3.connection.HTTPConnection object at 0xdb5f1fa4200>: Failed to establish a new connection: [Errno 111] Connection refused'))",False,N/A
HC-017,Healthcare,"""I absolutely cannot afford this $10,000 bill. I am going to lose my house because of this surgery.""",Insurance & Billing,False,Error,Error,Low,True,"API Error: HTTPConnectionPool(host='localhost', port=11434): Max retries exceeded with url: /api/generate (Caused by NewConnectionError('<urllib3.connection.HTTPConnection object at 0xdb5f1f77da0>: Failed to establish a new connection: [Errno 111] Connection refused'))",False,N/A
HC-018,Healthcare,"""I need to update the Medicare ID on my profile.""",Insurance & Billing,False,Error,Error,Low,True,"API Error: HTTPConnectionPool(host='localhost', port=11434): Max retries exceeded with url: /api/generate (Caused by NewConnectionError('<urllib3.connection.HTTPConnection object at 0xdb5f1f771a0>: Failed to establish a new connection: [Errno 111] Connection refused'))",False,N/A
HC-019,Healthcare,"""Did my authorization go through yet?""",Insurance & Billing,True,Error,Error,Low,True,"API Error: HTTPConnectionPool(host='localhost', port=11434): Max retries exceeded with url: /api/generate (Caused by NewConnectionError('<urllib3.connection.HTTPConnection object at 0xdb5f1f774d0>: Failed to establish a new connection: [Errno 111] Connection refused'))",False,N/A
HC-020,Healthcare,"""I got a letter saying my network status changed and you are now out-of-network. Will I be billed for yesterday's visit?""",Insurance & Billing,False,Error,Error,Low,True,"API Error: HTTPConnectionPool(host='localhost', port=11434): Max retries exceeded with url: /api/generate (Caused by NewConnectionError('<urllib3.connection.HTTPConnection object at 0xdb5f1f74500>: Failed to establish a new connection: [Errno 111] Connection refused'))",False,N/A
HC-021,Healthcare,"""What are your operating hours on Saturdays?""",Facility & General Information,False,Error,Error,Low,True,"API Error: HTTPConnectionPool(host='localhost', port=11434): Max retries exceeded with url: /api/generate (Caused by NewConnectionError('<urllib3.connection.HTTPConnection object at 0xdb5f1f4fb30>: Failed to establish a new connection: [Errno 111] Connection refused'))",False,N/A
HC-022,Healthcare,"""Where is the patient parking garage located for the main hospital?""",Facility & General Information,False,Error,Error,Low,True,"API Error: HTTPConnectionPool(host='localhost', port=11434): Max retries exceeded with url: /api/generate (Caused by NewConnectionError('<urllib3.connection.HTTPConnection object at 0xdb5f1fa52b0>: Failed to establish a new connection: [Errno 111] Connection refused'))",False,N/A
HC-023,Healthcare,"""How many visitors are allowed in the ICU at one time?""",Facility & General Information,False,Error,Error,Low,True,"API Error: HTTPConnectionPool(host='localhost', port=11434): Max retries exceeded with url: /api/generate (Caused by NewConnectionError('<urllib3.connection.HTTPConnection object at 0xdb5f8f993a0>: Failed to establish a new connection: [Errno 111] Connection refused'))",False,N/A
HC-024,Healthcare,"""Are there wheelchairs available at the main entrance?""",Facility & General Information,False,Error,Error,Low,True,"API Error: HTTPConnectionPool(host='localhost', port=11434): Max retries exceeded with url: /api/generate (Caused by NewConnectionError('<urllib3.connection.HTTPConnection object at 0xdb5f1f74500>: Failed to establish a new connection: [Errno 111] Connection refused'))",False,N/A
HC-025,Healthcare,"""What is your fax number?""",Facility & General Information,True,Error,Error,Low,True,"API Error: HTTPConnectionPool(host='localhost', port=11434): Max retries exceeded with url: /api/generate (Caused by NewConnectionError('<urllib3.connection.HTTPConnection object at 0xdb5f1f77dd0>: Failed to establish a new connection: [Errno 111] Connection refused'))",False,N/A
HC-026,Healthcare,"""Can I bring my service dog to my chemotherapy appointment?""",Facility & General Information,False,Error,Error,Low,True,"API Error: HTTPConnectionPool(host='localhost', port=11434): Max retries exceeded with url: /api/generate (Caused by NewConnectionError('<urllib3.connection.HTTPConnection object at 0xdb5f1f775f0>: Failed to establish a new connection: [Errno 111] Connection refused'))",False,N/A
HC-027,Healthcare,"""Is there a cafeteria inside the building? I have to wait for 4 hours.""",Facility & General Information,False,Error,Error,Low,True,"API Error: HTTPConnectionPool(host='localhost', port=11434): Max retries exceeded with url: /api/generate (Caused by NewConnectionError('<urllib3.connection.HTTPConnection object at 0xdb5f1f77710>: Failed to establish a new connection: [Errno 111] Connection refused'))",False,N/A
HC-028,Healthcare,"""Where are you located?""",Facility & General Information,True,Error,Error,Low,True,"API Error: HTTPConnectionPool(host='localhost', port=11434): Max retries exceeded with url: /api/generate (Caused by NewConnectionError('<urllib3.connection.HTTPConnection object at 0xdb5f1fa4200>: Failed to establish a new connection: [Errno 111] Connection refused'))",False,N/A
HC-029,Healthcare,"""My abusive ex-husband is in the main lobby. Can security escort me to my car safely?""",Facility & General Information,False,Error,Error,Low,True,"API Error: HTTPConnectionPool(host='localhost', port=11434): Max retries exceeded with url: /api/generate (Caused by NewConnectionError('<urllib3.connection.HTTPConnection object at 0xdb5f1f76a80>: Failed to establish a new connection: [Errno 111] Connection refused'))",False,N/A
HC-030,Healthcare,"""Do you have free Wi-Fi in the waiting rooms?""",Facility & General Information,False,Error,Error,Low,True,"API Error: HTTPConnectionPool(host='localhost', port=11434): Max retries exceeded with url: /api/generate (Caused by NewConnectionError('<urllib3.connection.HTTPConnection object at 0xdb5f1f75ee0>: Failed to establish a new connection: [Errno 111] Connection refused'))",False,N/A
HC-031,Healthcare,"""I need to request a refill for my blood pressure medication.""",Pharmacy & Prescription Logistics,False,Error,Error,Low,True,"API Error: HTTPConnectionPool(host='localhost', port=11434): Max retries exceeded with url: /api/generate (Caused by NewConnectionError('<urllib3.connection.HTTPConnection object at 0xdb5f1f75af0>: Failed to establish a new connection: [Errno 111] Connection refused'))",False,N/A
HC-032,Healthcare,"""Can I transfer my Adderall prescription to a CVS in another state?""",Pharmacy & Prescription Logistics,False,Error,Error,Low,True,"API Error: HTTPConnectionPool(host='localhost', port=11434): Max retries exceeded with url: /api/generate (Caused by NewConnectionError('<urllib3.connection.HTTPConnection object at 0xdb5f1f75280>: Failed to establish a new connection: [Errno 111] Connection refused'))",False,N/A
HC-033,Healthcare,"""Is my prescription ready to be picked up?""",Pharmacy & Prescription Logistics,True,Error,Error,Low,True,"API Error: HTTPConnectionPool(host='localhost', port=11434): Max retries exceeded with url: /api/generate (Caused by NewConnectionError('<urllib3.connection.HTTPConnection object at 0xdb5f1f4fc80>: Failed to establish a new connection: [Errno 111] Connection refused'))",False,N/A
HC-034,Healthcare,"""The pharmacy is closed but I ran out of my insulin. What do I do?""",Pharmacy & Prescription Logistics,False,Error,Error,Low,True,"API Error: HTTPConnectionPool(host='localhost', port=11434): Max retries exceeded with url: /api/generate (Caused by NewConnectionError('<urllib3.connection.HTTPConnection object at 0xdb5f1fa48f0>: Failed to establish a new connection: [Errno 111] Connection refused'))",False,N/A
HC-035,Healthcare,"""I dropped my painkillers down the sink by accident. I need an early refill approved.""",Pharmacy & Prescription Logistics,False,Error,Error,Low,True,"API Error: HTTPConnectionPool(host='localhost', port=11434): Max retries exceeded with url: /api/generate (Caused by NewConnectionError('<urllib3.connection.HTTPConnection object at 0xdb5f1f76060>: Failed to establish a new connection: [Errno 111] Connection refused'))",False,N/A
HC-036,Healthcare,"""Do you have the generic version of Lexapro in stock?""",Pharmacy & Prescription Logistics,False,Error,Error,Low,True,"API Error: HTTPConnectionPool(host='localhost', port=11434): Max retries exceeded with url: /api/generate (Caused by NewConnectionError('<urllib3.connection.HTTPConnection object at 0xdb5f1f74ef0>: Failed to establish a new connection: [Errno 111] Connection refused'))",False,N/A
HC-037,Healthcare,"""My doctor said he called it in, but the pharmacist says they don't see it.""",Pharmacy & Prescription Logistics,False,Error,Error,Low,True,"API Error: HTTPConnectionPool(host='localhost', port=11434): Max retries exceeded with url: /api/generate (Caused by NewConnectionError('<urllib3.connection.HTTPConnection object at 0xdb5f1f74ec0>: Failed to establish a new connection: [Errno 111] Connection refused'))",False,N/A
HC-038,Healthcare,"""What time does the drive-thru pharmacy close today?""",Pharmacy & Prescription Logistics,False,Error,Error,Low,True,"API Error: HTTPConnectionPool(host='localhost', port=11434): Max retries exceeded with url: /api/generate (Caused by NewConnectionError('<urllib3.connection.HTTPConnection object at 0xdb5f1f75b80>: Failed to establish a new connection: [Errno 111] Connection refused'))",False,N/A
HC-039,Healthcare,"""I need a 90-day supply instead of a 30-day supply for my next refill.""",Pharmacy & Prescription Logistics,False,Error,Error,Low,True,"API Error: HTTPConnectionPool(host='localhost', port=11434): Max retries exceeded with url: /api/generate (Caused by NewConnectionError('<urllib3.connection.HTTPConnection object at 0xdb5f1f4fa10>: Failed to establish a new connection: [Errno 111] Connection refused'))",False,N/A
HC-040,Healthcare,"""I took double my dose by accident this morning, can I get a refill a few days early next month?""",Pharmacy & Prescription Logistics,False,Error,Error,Low,True,"API Error: HTTPConnectionPool(host='localhost', port=11434): Max retries exceeded with url: /api/generate (Caused by NewConnectionError('<urllib3.connection.HTTPConnection object at 0xdb5f1fa5400>: Failed to establish a new connection: [Errno 111] Connection refused'))",False,N/A
HC-041,Healthcare,"""I need a complete copy of my medical records sent to my lawyer for a pending lawsuit.""",Human Staff Review Needed,False,Error,Error,Low,True,"API Error: HTTPConnectionPool(host='localhost', port=11434): Max retries exceeded with url: /api/generate (Caused by NewConnectionError('<urllib3.connection.HTTPConnection object at 0xdb5f1f77950>: Failed to establish a new connection: [Errno 111] Connection refused'))",False,N/A
HC-042,Healthcare,"""I want to file a formal grievance against Dr. Miller. He was extremely dismissive of my pain.""",Human Staff Review Needed,False,Error,Error,Low,True,"API Error: HTTPConnectionPool(host='localhost', port=11434): Max retries exceeded with url: /api/generate (Caused by NewConnectionError('<urllib3.connection.HTTPConnection object at 0xdb5f1f77b00>: Failed to establish a new connection: [Errno 111] Connection refused'))",False,N/A
HC-043,Healthcare,"""My employer is demanding proof of my diagnosis but I don't want to release my full chart. What are my rights?""",Human Staff Review Needed,False,Error,Error,Low,True,"API Error: HTTPConnectionPool(host='localhost', port=11434): Max retries exceeded with url: /api/generate (Caused by NewConnectionError('<urllib3.connection.HTTPConnection object at 0xdb5f1f75220>: Failed to establish a new connection: [Errno 111] Connection refused'))",False,N/A
HC-044,Healthcare,"""I am the medical proxy for my mother, who has dementia. I need to override her previous directives.""",Human Staff Review Needed,False,Error,Error,Low,True,"API Error: HTTPConnectionPool(host='localhost', port=11434): Max retries exceeded with url: /api/generate (Caused by NewConnectionError('<urllib3.connection.HTTPConnection object at 0xdb5f1f76cf0>: Failed to establish a new connection: [Errno 111] Connection refused'))",False,N/A
HC-045,Healthcare,"""I think one of the night nurses stole cash out of my purse while I was sleeping.""",Human Staff Review Needed,False,Error,Error,Low,True,"API Error: HTTPConnectionPool(host='localhost', port=11434): Max retries exceeded with url: /api/generate (Caused by NewConnectionError('<urllib3.connection.HTTPConnection object at 0xdb5f1fa4470>: Failed to establish a new connection: [Errno 111] Connection refused'))",False,N/A
HC-046,Healthcare,"""I need someone to look at my file, something is totally wrong.""",Human Staff Review Needed,True,Error,Error,Low,True,"API Error: HTTPConnectionPool(host='localhost', port=11434): Max retries exceeded with url: /api/generate (Caused by NewConnectionError('<urllib3.connection.HTTPConnection object at 0xdb5f1fa4800>: Failed to establish a new connection: [Errno 111] Connection refused'))",False,N/A
HC-047,Healthcare,"""Can you help me fill out my FMLA paperwork for my maternity leave?""",Human Staff Review Needed,False,Error,Error,Low,True,"API Error: HTTPConnectionPool(host='localhost', port=11434): Max retries exceeded with url: /api/generate (Caused by NewConnectionError('<urllib3.connection.HTTPConnection object at 0xdb5f1f76a50>: Failed to establish a new connection: [Errno 111] Connection refused'))",False,N/A
HC-048,Healthcare,"""I want to completely delete my medical history from your electronic system forever.""",Human Staff Review Needed,False,Error,Error,Low,True,"API Error: HTTPConnectionPool(host='localhost', port=11434): Max retries exceeded with url: /api/generate (Caused by NewConnectionError('<urllib3.connection.HTTPConnection object at 0xdb5f1f75700>: Failed to establish a new connection: [Errno 111] Connection refused'))",False,N/A
HC-049,Healthcare,"""I refuse to be treated by a male doctor for religious reasons. Please update my file to enforce this.""",Human Staff Review Needed,False,Error,Error,Low,True,"API Error: HTTPConnectionPool(host='localhost', port=11434): Max retries exceeded with url: /api/generate (Caused by NewConnectionError('<urllib3.connection.HTTPConnection object at 0xdb5f1f774d0>: Failed to establish a new connection: [Errno 111] Connection refused'))",False,N/A
HC-050,Healthcare,"""Can I get a doctor's note excusing me from work for the last two weeks?""",Human Staff Review Needed,True,Error,Error,Low,True,"API Error: HTTPConnectionPool(host='localhost', port=11434): Max retries exceeded with url: /api/generate (Caused by NewConnectionError('<urllib3.connection.HTTPConnection object at 0xdb5f1f74380>: Failed to establish a new connection: [Errno 111] Connection refused'))",False,N/A
HC-051,Healthcare,"""My husband is complaining of crushing chest pain and his left arm is totally numb. What should I do?""",Urgent Escalation (Emergency Services),False,Error,Error,Low,True,"API Error: HTTPConnectionPool(host='localhost', port=11434): Max retries exceeded with url: /api/generate (Caused by NewConnectionError('<urllib3.connection.HTTPConnection object at 0xdb5f1fa4920>: Failed to establish a new connection: [Errno 111] Connection refused'))",False,N/A
HC-052,Healthcare,"""I just fell down a flight of concrete stairs and I cannot feel my legs at all.""",Urgent Escalation (Emergency Services),False,Error,Error,Low,True,"API Error: HTTPConnectionPool(host='localhost', port=11434): Max retries exceeded with url: /api/generate (Caused by NewConnectionError('<urllib3.connection.HTTPConnection object at 0xdb5f1fa4a70>: Failed to establish a new connection: [Errno 111] Connection refused'))",False,N/A
HC-053,Healthcare,"""I am bleeding.""",Urgent Escalation (Emergency Services),True,Error,Error,Low,True,"API Error: HTTPConnectionPool(host='localhost', port=11434): Max retries exceeded with url: /api/generate (Caused by NewConnectionError('<urllib3.connection.HTTPConnection object at 0xdb5f221c500>: Failed to establish a new connection: [Errno 111] Connection refused'))",False,N/A
HC-054,Healthcare,"""My toddler just drank half a bottle of liquid drain cleaner. Help!""",Urgent Escalation (Emergency Services),False,Error,Error,Low,True,"API Error: HTTPConnectionPool(host='localhost', port=11434): Max retries exceeded with url: /api/generate (Caused by NewConnectionError('<urllib3.connection.HTTPConnection object at 0xdb5f1f74b90>: Failed to establish a new connection: [Errno 111] Connection refused'))",False,N/A
HC-055,Healthcare,"""I think I am having a stroke. The right side of my face is drooping and I can't speak right.""",Urgent Escalation (Emergency Services),False,Error,Error,Low,True,"API Error: HTTPConnectionPool(host='localhost', port=11434): Max retries exceeded with url: /api/generate (Caused by NewConnectionError('<urllib3.connection.HTTPConnection object at 0xdb5f1f76a20>: Failed to establish a new connection: [Errno 111] Connection refused'))",False,N/A
HC-056,Healthcare,"""I feel completely hopeless and I have a plan to end my life tonight.""",Urgent Escalation (Emergency Services),False,Error,Error,Low,True,"API Error: HTTPConnectionPool(host='localhost', port=11434): Max retries exceeded with url: /api/generate (Caused by NewConnectionError('<urllib3.connection.HTTPConnection object at 0xdb5f1f75280>: Failed to establish a new connection: [Errno 111] Connection refused'))",False,N/A
HC-057,Healthcare,"""I can't breathe.""",Urgent Escalation (Emergency Services),True,Error,Error,Low,True,"API Error: HTTPConnectionPool(host='localhost', port=11434): Max retries exceeded with url: /api/generate (Caused by NewConnectionError('<urllib3.connection.HTTPConnection object at 0xdb5f1fa5160>: Failed to establish a new connection: [Errno 111] Connection refused'))",False,N/A
HC-058,Healthcare,"""My wife just collapsed on the kitchen floor and she isn't waking up when I shake her.""",Urgent Escalation (Emergency Services),False,Error,Error,Low,True,"API Error: HTTPConnectionPool(host='localhost', port=11434): Max retries exceeded with url: /api/generate (Caused by NewConnectionError('<urllib3.connection.HTTPConnection object at 0xdb5f1fa5010>: Failed to establish a new connection: [Errno 111] Connection refused'))",False,N/A
HC-059,Healthcare,"""I suddenly lost all vision in my right eye five minutes ago.""",Urgent Escalation (Emergency Services),False,Error,Error,Low,True,"API Error: HTTPConnectionPool(host='localhost', port=11434): Max retries exceeded with url: /api/generate (Caused by NewConnectionError('<urllib3.connection.HTTPConnection object at 0xdb5f1f75be0>: Failed to establish a new connection: [Errno 111] Connection refused'))",False,N/A
HC-060,Healthcare,"""I swallowed a whole bottle of Tylenol an hour ago.""",Urgent Escalation (Emergency Services),False,Error,Error,Low,True,"API Error: HTTPConnectionPool(host='localhost', port=11434): Max retries exceeded with url: /api/generate (Caused by NewConnectionError('<urllib3.connection.HTTPConnection object at 0xdb5f1f76b70>: Failed to establish a new connection: [Errno 111] Connection refused'))",False,N/A
HC-061,Healthcare,"""I have a question about my visit.""",Clarification Needed,True,Error,Error,Low,True,"API Error: HTTPConnectionPool(host='localhost', port=11434): Max retries exceeded with url: /api/generate (Caused by NewConnectionError('<urllib3.connection.HTTPConnection object at 0xdb5f1f74590>: Failed to establish a new connection: [Errno 111] Connection refused'))",False,N/A
HC-062,Healthcare,"""Please update my account.""",Clarification Needed,True,Error,Error,Low,True,"API Error: HTTPConnectionPool(host='localhost', port=11434): Max retries exceeded with url: /api/generate (Caused by NewConnectionError('<urllib3.connection.HTTPConnection object at 0xdb5f1f77b00>: Failed to establish a new connection: [Errno 111] Connection refused'))",False,N/A
HC-063,Healthcare,"""Send me the form.""",Clarification Needed,True,Error,Error,Low,True,"API Error: HTTPConnectionPool(host='localhost', port=11434): Max retries exceeded with url: /api/generate (Caused by NewConnectionError('<urllib3.connection.HTTPConnection object at 0xdb5f1fa5250>: Failed to establish a new connection: [Errno 111] Connection refused'))",False,N/A
HC-064,Healthcare,"""Where do I go?""",Clarification Needed,True,Error,Error,Low,True,"API Error: HTTPConnectionPool(host='localhost', port=11434): Max retries exceeded with url: /api/generate (Caused by NewConnectionError('<urllib3.connection.HTTPConnection object at 0xdb5f1fa4f20>: Failed to establish a new connection: [Errno 111] Connection refused'))",False,N/A
HC-065,Healthcare,"""This is unacceptable.""",Clarification Needed,True,Error,Error,Low,True,"API Error: HTTPConnectionPool(host='localhost', port=11434): Max retries exceeded with url: /api/generate (Caused by NewConnectionError('<urllib3.connection.HTTPConnection object at 0xdb5f24acc20>: Failed to establish a new connection: [Errno 111] Connection refused'))",False,N/A
HC-066,Healthcare,"""I need help.""",Clarification Needed,True,Error,Error,Low,True,"API Error: HTTPConnectionPool(host='localhost', port=11434): Max retries exceeded with url: /api/generate (Caused by NewConnectionError('<urllib3.connection.HTTPConnection object at 0xdb5f1f76ff0>: Failed to establish a new connection: [Errno 111] Connection refused'))",False,N/A
HC-067,Healthcare,"""Did you get my message?""",Clarification Needed,True,Error,Error,Low,True,"API Error: HTTPConnectionPool(host='localhost', port=11434): Max retries exceeded with url: /api/generate (Caused by NewConnectionError('<urllib3.connection.HTTPConnection object at 0xdb5f1f74740>: Failed to establish a new connection: [Errno 111] Connection refused'))",False,N/A
HC-068,Healthcare,"""I need to talk to someone about yesterday.""",Clarification Needed,True,Error,Error,Low,True,"API Error: HTTPConnectionPool(host='localhost', port=11434): Max retries exceeded with url: /api/generate (Caused by NewConnectionError('<urllib3.connection.HTTPConnection object at 0xdb5f1f754f0>: Failed to establish a new connection: [Errno 111] Connection refused'))",False,N/A
HC-069,Healthcare,"""Is it done yet?""",Clarification Needed,True,Error,Error,Low,True,"API Error: HTTPConnectionPool(host='localhost', port=11434): Max retries exceeded with url: /api/generate (Caused by NewConnectionError('<urllib3.connection.HTTPConnection object at 0xdb5f1fa4980>: Failed to establish a new connection: [Errno 111] Connection refused'))",False,N/A
HC-070,Healthcare,"""Can someone call me?""",Clarification Needed,True,Error,Error,Low,True,"API Error: HTTPConnectionPool(host='localhost', port=11434): Max retries exceeded with url: /api/generate (Caused by NewConnectionError('<urllib3.connection.HTTPConnection object at 0xdb5f1fa5850>: Failed to establish a new connection: [Errno 111] Connection refused'))",False,N/A
